M000016,Olivia,olivia@gmail.com,6017788123,password123,0,12/21/2024 12:36,0,Active,unknown.jpg,NULL
M000017,Peter,peter@yahoo.com,6015566345,password456,0,12/21/2024 12:36,0,Active,unknown.jpg,NULL
M000018,Quinn,quinn@hotmail.com,6014455432,password789,0,12/21/2024 12:36,0,Active,unknown.jpg,NULL
M000019,Rachel,rachel@gmail.com,6013345998,password101,0,12/21/2024 12:36,0,Active,unknown.jpg,NULL
M000020,Sam,sam@yahoo.com,6012234879,password202,0,12/21/2024 12:36,0,Active,unknown.jpg,NULL
M000021,Tina,tina@hotmail.com,6011123897,password303,0,12/21/2024 12:36,0,Active,unknown.jpg,NULL
M000022,Uma,uma@gmail.com,6018897998,password404,0,12/21/2024 12:36,0,Active,unknown.jpg,NULL
M000023,Vincent,vincent@yahoo.com,6017789888,password505,0,12/21/2024 12:36,0,Active,unknown.jpg,NULL
M000024,Wendy,wendy@hotmail.com,6016677889,password606,0,12/21/2024 12:36,0,Active,unknown.jpg,NULL
M000025,Xander,xander@gmail.com,6015566789,password707,0,12/21/2024 12:36,0,Active,unknown.jpg,NULL
M000026,Yara,yara@yahoo.com,6014455698,password808,0,12/21/2024 12:36,0,Active,unknown.jpg,NULL
M000027,Zane,zane@hotmail.com,6013345798,password909,0,12/21/2024 12:36,0,Active,unknown.jpg,NULL
M000028,Aaron,aaron@gmail.com,6012234888,password111,0,12/21/2024 12:36,0,Active,unknown.jpg,NULL
M000029,Bethany,bethany@yahoo.com,6011123456,password222,0,12/21/2024 12:36,0,Active,unknown.jpg,NULL
M000030,Caleb,caleb@hotmail.com,6018897432,password333,0,12/21/2024 12:36,0,Active,unknown.jpg,NULL
,,,,,,,,,,
